[
  {
    "key": "1",
    "date": "12/06/2019",
    "title": "I found a bug",
    "email": "mary.harford@gmail.com"
  },
  {
    "key": "2",
    "date": "05/06/2019",
    "title": "Add a form/questionnalre",
    "email": "stacy.fisher@hotmail.com"
  },
  {
    "key": "3",
    "date": "17/05/2019",
    "title": "Create a responsive template",
    "email": "sessil.keep@mail.ru"
  },
  {
    "key": "4",
    "date": "17/05/2019",
    "title": "Bug in dashboard",
    "email": "creed@microsoft.com"
  },
  {
    "key": "5",
    "date": "17/05/2019",
    "title": "Todoist is not working on mobile",
    "email": "avraam@gmail.com"
  }
]
